{
    "pesos AND": {
        "w0": -0.5180519819259644,
        "w1": 0.3643589913845062,
        "w2": 0.32983899116516113
    }
}